timestep;sub-16-0;sub-28-1;sub-29-2;sub-16-0_sub-28-1;sub-16-0_sub-29-2;sub-28-1_sub-29-2;sub-16-0_sub-28-1_sub-29-2;donothing-0
0;35.52106475830078;40.528263092041016;39.37015914916992;35.42497634887695;34.5526008605957;38.84628677368164;34.035152435302734;40.65529251098633
1;35.465457916259766;40.43608474731445;39.363704681396484;35.3722038269043;34.51591873168945;38.85224533081055;34.010807037353516;40.560062408447266
2;35.42243194580078;40.37897872924805;39.32550811767578;35.32716369628906;34.443302154541016;38.807193756103516;33.93108367919922;40.5052375793457
3;35.3959846496582;40.474586486816406;39.399696350097656;35.30649185180664;34.436912536621094;38.897186279296875;33.93973922729492;40.59377670288086
4;35.40998840332031;40.37420654296875;39.369361877441406;35.317203521728516;34.45773696899414;38.862754821777344;33.957550048828125;40.490272521972656
